{
  "users": [
    {
      "name": "MS Dhoni",
      "username": "dhoni",
      "email": "msdhoni@gmail.com",
      "phone": "4563214530",
      "id": 1
    },
    {
      "name": "Mohd Shami",
      "username": "mohdshami",
      "email": "shami@gmail.com",
      "phone": "7896547896",
      "id": 4
    },
    {
      "name": "KL Rahul",
      "username": "klrahul",
      "email": "rahul@gmail.com",
      "phone": "7458965874",
      "id": 5
    },
    {
      "name": "Shikhar Dhawan",
      "username": "dhawansikhar",
      "email": "dhawan@gmail.com",
      "phone": "4569874563",
      "id": 6
    }
  ]
}